{"stats":{"minecraft:mined":{"minecraft:white_bed":2,"minecraft:crafting_table":3,"minecraft:glow_lichen":1,"minecraft:short_grass":10,"minecraft:grass_block":4,"minecraft:tall_grass":1,"minecraft:sugar_cane":4,"minecraft:oak_planks":26,"minecraft:furnace":1,"minecraft:birch_log":2,"minecraft:pumpkin":12,"minecraft:oak_log":31,"minecraft:coal_ore":10,"minecraft:dirt":16,"minecraft:stone":41,"minecraft:oak_leaves":3},"minecraft:dropped":{"minecraft:bread":1,"minecraft:stone_axe":1,"minecraft:cooked_beef":1,"minecraft:oak_log":8,"minecraft:cooked_porkchop":7,"minecraft:white_bed":2,"minecraft:wooden_pickaxe":1},"minecraft:killed_by":{"minecraft:creeper":1},"minecraft:custom":{"minecraft:interact_with_furnace":17,"minecraft:mob_kills":39,"minecraft:interact_with_crafting_table":13,"minecraft:leave_game":4,"minecraft:time_since_death":18937,"minecraft:sleep_in_bed":4,"minecraft:time_since_rest":6630,"minecraft:sprint_one_cm":123044,"minecraft:damage_taken":1009,"minecraft:walk_one_cm":269477,"minecraft:drop":10,"minecraft:damage_dealt":4523,"minecraft:swim_one_cm":44,"minecraft:talked_to_villager":2,"minecraft:fly_one_cm":185672,"minecraft:open_chest":6,"minecraft:crouch_one_cm":2092,"minecraft:play_time":67233,"minecraft:deaths":1,"minecraft:sneak_time":572,"minecraft:walk_under_water_one_cm":4774,"minecraft:jump":1068,"minecraft:walk_on_water_one_cm":15027,"minecraft:total_world_time":67233,"minecraft:fall_one_cm":26613},"minecraft:used":{"minecraft:stone_pickaxe":48,"minecraft:oak_planks":33,"minecraft:chest":2,"minecraft:wooden_pickaxe":4,"minecraft:rotten_flesh":2,"minecraft:oak_door":1,"minecraft:dirt":4,"minecraft:crafting_table":5,"minecraft:white_bed":1,"minecraft:dripstone_block":2,"minecraft:stone_axe":138,"minecraft:cobblestone":5,"minecraft:oak_sapling":1,"minecraft:furnace":2,"minecraft:cooked_porkchop":9,"minecraft:cooked_beef":1},"minecraft:broken":{"minecraft:stone_axe":1},"minecraft:killed":{"minecraft:pig":12,"minecraft:spider":1,"minecraft:wandering_trader":1,"minecraft:sheep":4,"minecraft:zombie":5,"minecraft:chicken":1,"minecraft:cow":15},"minecraft:picked_up":{"minecraft:birch_log":10,"minecraft:crafting_table":4,"minecraft:feather":2,"minecraft:cooked_beef":9,"minecraft:chicken":2,"minecraft:glow_ink_sac":6,"minecraft:leather":24,"minecraft:lead":2,"minecraft:oak_log":37,"minecraft:dirt":111,"minecraft:wheat_seeds":2,"minecraft:beef":24,"minecraft:stone_pickaxe":1,"minecraft:sugar_cane":14,"minecraft:oak_planks":26,"minecraft:furnace":1,"minecraft:cooked_porkchop":6,"minecraft:pumpkin":26,"minecraft:dripstone_block":3,"minecraft:porkchop":29,"minecraft:pointed_dripstone":1,"minecraft:white_bed":2,"minecraft:rotten_flesh":3,"minecraft:stone_axe":1,"minecraft:oak_sapling":9,"minecraft:black_wool":2,"minecraft:mutton":10,"minecraft:coal":19,"minecraft:white_wool":3,"minecraft:cobblestone":41},"minecraft:crafted":{"minecraft:cooked_beef":3,"minecraft:oak_door":3,"minecraft:oak_planks":84,"minecraft:cooked_porkchop":18,"minecraft:crafting_table":2,"minecraft:wooden_pickaxe":1,"minecraft:furnace":1,"minecraft:stone_axe":3,"minecraft:air":0,"minecraft:stick":16,"minecraft:stone_pickaxe":1,"minecraft:chest":2,"minecraft:white_bed":1}},"DataVersion":3955}