{"stats":{"minecraft:killed":{"minecraft:sheep":3,"minecraft:zombie":1,"minecraft:chicken":5,"minecraft:cow":3},"minecraft:picked_up":{"minecraft:feather":5,"minecraft:cooked_beef":1,"minecraft:chicken":4,"minecraft:leather":2,"minecraft:lead":4,"minecraft:wooden_pickaxe":1,"minecraft:oak_log":72,"minecraft:cornflower":3,"minecraft:dirt":75,"minecraft:wheat_seeds":8,"minecraft:beef":8,"minecraft:oak_planks":44,"minecraft:stick":3,"minecraft:oak_door":2,"minecraft:cooked_porkchop":7,"minecraft:pumpkin":3,"minecraft:dandelion":10,"minecraft:sand":30,"minecraft:white_bed":4,"minecraft:rotten_flesh":2,"minecraft:stone_axe":1,"minecraft:bread":1,"minecraft:mutton":5,"minecraft:white_wool":3,"minecraft:cobblestone":52},"minecraft:custom":{"minecraft:interact_with_furnace":10,"minecraft:mob_kills":12,"minecraft:interact_with_crafting_table":13,"minecraft:time_since_death":78042,"minecraft:leave_game":5,"minecraft:sleep_in_bed":5,"minecraft:time_since_rest":6502,"minecraft:sprint_one_cm":58965,"minecraft:damage_taken":615,"minecraft:walk_one_cm":339878,"minecraft:drop":47,"minecraft:damage_dealt":1471,"minecraft:swim_one_cm":294,"minecraft:talked_to_villager":2,"minecraft:fly_one_cm":83757,"minecraft:open_chest":7,"minecraft:crouch_one_cm":830,"minecraft:play_time":78042,"minecraft:sneak_time":249,"minecraft:walk_under_water_one_cm":8467,"minecraft:jump":874,"minecraft:walk_on_water_one_cm":17602,"minecraft:total_world_time":78042,"minecraft:fall_one_cm":21571,"minecraft:horse_one_cm":161},"minecraft:dropped":{"minecraft:wheat_seeds":1,"minecraft:cooked_beef":9,"minecraft:dirt":52},"minecraft:broken":{"minecraft:stone_axe":1,"minecraft:wooden_pickaxe":2},"minecraft:used":{"minecraft:stone_sword":16,"minecraft:stone_pickaxe":3,"minecraft:oak_planks":292,"minecraft:wooden_pickaxe":109,"minecraft:oak_door":5,"minecraft:dirt":10,"minecraft:sand":10,"minecraft:crafting_table":1,"minecraft:white_bed":5,"minecraft:oak_log":4,"minecraft:glass":8,"minecraft:cornflower":3,"minecraft:bread":1,"minecraft:stone_axe":124,"minecraft:furnace":2,"minecraft:cooked_porkchop":7,"minecraft:dandelion":4},"minecraft:crafted":{"minecraft:cooked_beef":29,"minecraft:oak_door":3,"minecraft:oak_planks":258,"minecraft:stone_shovel":1,"minecraft:cooked_porkchop":2,"minecraft:crafting_table":1,"minecraft:wooden_pickaxe":1,"minecraft:furnace":2,"minecraft:oak_wood":3,"minecraft:stone_axe":1,"minecraft:glass":8,"minecraft:stick":8,"minecraft:stone_pickaxe":1,"minecraft:stone_sword":1,"minecraft:white_bed":1},"minecraft:mined":{"minecraft:white_bed":2,"minecraft:dandelion":10,"minecraft:cornflower":3,"minecraft:short_grass":64,"minecraft:grass_block":53,"minecraft:tall_grass":6,"minecraft:oak_planks":39,"minecraft:pumpkin":4,"minecraft:oak_log":63,"minecraft:sand":31,"minecraft:dirt":9,"minecraft:stone":52,"minecraft:oak_leaves":15}},"DataVersion":3955}