{"minecraft:recipes/decorations/crafting_table":{"criteria":{"unlock_right_away":"2024-10-07 13:42:10 +0000"},"done":true},"minecraft:adventure/adventuring_time":{"criteria":{"minecraft:forest":"2024-10-07 13:47:35 +0000","minecraft:river":"2024-10-07 13:50:47 +0000","minecraft:dripstone_caves":"2024-10-08 06:24:41 +0000","minecraft:plains":"2024-10-07 13:42:10 +0000"},"done":false},"minecraft:recipes/misc/charcoal":{"criteria":{"has_log":"2024-10-07 13:43:24 +0000"},"done":true},"minecraft:recipes/building_blocks/oak_planks":{"criteria":{"has_logs":"2024-10-07 13:43:24 +0000"},"done":true},"minecraft:recipes/building_blocks/oak_wood":{"criteria":{"has_log":"2024-10-07 13:43:24 +0000"},"done":true},"minecraft:recipes/building_blocks/oak_slab":{"criteria":{"has_planks":"2024-10-07 13:43:51 +0000"},"done":true},"minecraft:recipes/decorations/oak_sign":{"criteria":{"has_planks":"2024-10-07 13:43:51 +0000"},"done":true},"minecraft:recipes/redstone/oak_trapdoor":{"criteria":{"has_planks":"2024-10-07 13:43:51 +0000"},"done":true},"minecraft:recipes/redstone/oak_fence_gate":{"criteria":{"has_planks":"2024-10-07 13:43:51 +0000"},"done":true},"minecraft:recipes/redstone/oak_pressure_plate":{"criteria":{"has_planks":"2024-10-07 13:43:51 +0000"},"done":true},"minecraft:recipes/redstone/oak_door":{"criteria":{"has_planks":"2024-10-07 13:43:51 +0000"},"done":true},"minecraft:recipes/misc/stick":{"criteria":{"has_planks":"2024-10-07 13:43:51 +0000"},"done":true},"minecraft:recipes/building_blocks/oak_stairs":{"criteria":{"has_planks":"2024-10-07 13:43:51 +0000"},"done":true},"minecraft:recipes/decorations/oak_fence":{"criteria":{"has_planks":"2024-10-07 13:43:51 +0000"},"done":true},"minecraft:recipes/decorations/barrel":{"criteria":{"has_planks":"2024-10-07 13:43:51 +0000"},"done":true},"minecraft:recipes/redstone/oak_button":{"criteria":{"has_planks":"2024-10-07 13:43:51 +0000"},"done":true},"minecraft:story/root":{"criteria":{"crafting_table":"2024-10-07 13:43:54 +0000"},"done":true},"minecraft:recipes/decorations/ladder":{"criteria":{"has_stick":"2024-10-07 13:44:19 +0000"},"done":true},"minecraft:recipes/decorations/campfire":{"criteria":{"has_stick":"2024-10-07 13:44:19 +0000"},"done":true},"minecraft:recipes/tools/wooden_hoe":{"criteria":{"has_stick":"2024-10-07 13:44:19 +0000"},"done":true},"minecraft:recipes/tools/wooden_pickaxe":{"criteria":{"has_stick":"2024-10-07 13:44:19 +0000"},"done":true},"minecraft:recipes/tools/wooden_axe":{"criteria":{"has_stick":"2024-10-07 13:44:19 +0000"},"done":true},"minecraft:recipes/tools/wooden_shovel":{"criteria":{"has_stick":"2024-10-07 13:44:19 +0000"},"done":true},"minecraft:recipes/combat/wooden_sword":{"criteria":{"has_stick":"2024-10-07 13:44:19 +0000"},"done":true},"minecraft:recipes/redstone/lever":{"criteria":{"has_cobblestone":"2024-10-07 13:44:37 +0000"},"done":true},"minecraft:recipes/combat/stone_sword":{"criteria":{"has_cobblestone":"2024-10-07 13:44:37 +0000"},"done":true},"minecraft:recipes/decorations/cobblestone_wall":{"criteria":{"has_cobblestone":"2024-10-07 13:44:37 +0000"},"done":true},"minecraft:recipes/tools/stone_pickaxe":{"criteria":{"has_cobblestone":"2024-10-07 13:44:37 +0000"},"done":true},"minecraft:recipes/tools/stone_axe":{"criteria":{"has_cobblestone":"2024-10-07 13:44:37 +0000"},"done":true},"minecraft:story/mine_stone":{"criteria":{"get_stone":"2024-10-07 13:44:37 +0000"},"done":true},"minecraft:recipes/decorations/furnace":{"criteria":{"has_cobblestone":"2024-10-07 13:44:37 +0000"},"done":true},"minecraft:recipes/building_blocks/cobblestone_slab":{"criteria":{"has_cobblestone":"2024-10-07 13:44:37 +0000"},"done":true},"minecraft:recipes/building_blocks/cobblestone_slab_from_cobblestone_stonecutting":{"criteria":{"has_cobblestone":"2024-10-07 13:44:37 +0000"},"done":true},"minecraft:recipes/building_blocks/stone":{"criteria":{"has_cobblestone":"2024-10-07 13:44:37 +0000"},"done":true},"minecraft:recipes/decorations/cobblestone_wall_from_cobblestone_stonecutting":{"criteria":{"has_cobblestone":"2024-10-07 13:44:37 +0000"},"done":true},"minecraft:recipes/building_blocks/cobblestone_stairs_from_cobblestone_stonecutting":{"criteria":{"has_cobblestone":"2024-10-07 13:44:37 +0000"},"done":true},"minecraft:recipes/building_blocks/cobblestone_stairs":{"criteria":{"has_cobblestone":"2024-10-07 13:44:37 +0000"},"done":true},"minecraft:recipes/tools/stone_hoe":{"criteria":{"has_cobblestone":"2024-10-07 13:44:37 +0000"},"done":true},"minecraft:recipes/tools/stone_shovel":{"criteria":{"has_cobblestone":"2024-10-07 13:44:37 +0000"},"done":true},"minecraft:recipes/decorations/torch":{"criteria":{"has_stone_pickaxe":"2024-10-07 13:45:23 +0000"},"done":true},"minecraft:story/upgrade_tools":{"criteria":{"stone_pickaxe":"2024-10-07 13:45:23 +0000"},"done":true},"minecraft:recipes/building_blocks/birch_planks":{"criteria":{"has_logs":"2024-10-07 13:49:46 +0000"},"done":true},"minecraft:recipes/building_blocks/birch_wood":{"criteria":{"has_log":"2024-10-07 13:49:46 +0000"},"done":true},"minecraft:adventure/root":{"criteria":{"killed_something":"2024-10-07 13:50:15 +0000"},"done":true},"minecraft:recipes/food/cooked_porkchop":{"criteria":{"has_porkchop":"2024-10-07 13:50:16 +0000"},"done":true},"minecraft:recipes/food/cooked_porkchop_from_campfire_cooking":{"criteria":{"has_porkchop":"2024-10-07 13:50:16 +0000"},"done":true},"minecraft:recipes/food/cooked_porkchop_from_smoking":{"criteria":{"has_porkchop":"2024-10-07 13:50:16 +0000"},"done":true},"minecraft:recipes/transportation/mangrove_boat":{"criteria":{"in_water":"2024-10-07 13:50:47 +0000"},"done":true},"minecraft:recipes/transportation/acacia_boat":{"criteria":{"in_water":"2024-10-07 13:50:47 +0000"},"done":true},"minecraft:recipes/transportation/cherry_boat":{"criteria":{"in_water":"2024-10-07 13:50:47 +0000"},"done":true},"minecraft:recipes/transportation/bamboo_raft":{"criteria":{"in_water":"2024-10-07 13:50:47 +0000"},"done":true},"minecraft:recipes/transportation/spruce_boat":{"criteria":{"in_water":"2024-10-07 13:50:47 +0000"},"done":true},"minecraft:recipes/transportation/birch_boat":{"criteria":{"in_water":"2024-10-07 13:50:47 +0000"},"done":true},"minecraft:recipes/transportation/oak_boat":{"criteria":{"in_water":"2024-10-07 13:50:47 +0000"},"done":true},"minecraft:recipes/transportation/jungle_boat":{"criteria":{"in_water":"2024-10-07 13:50:47 +0000"},"done":true},"minecraft:recipes/transportation/dark_oak_boat":{"criteria":{"in_water":"2024-10-07 13:50:47 +0000"},"done":true},"minecraft:recipes/combat/leather_helmet":{"criteria":{"has_leather":"2024-10-07 13:50:53 +0000"},"done":true},"minecraft:recipes/combat/leather_leggings":{"criteria":{"has_leather":"2024-10-07 13:50:53 +0000"},"done":true},"minecraft:recipes/food/cooked_beef_from_smoking":{"criteria":{"has_beef":"2024-10-07 13:50:53 +0000"},"done":true},"minecraft:recipes/decorations/item_frame":{"criteria":{"has_leather":"2024-10-07 13:50:53 +0000"},"done":true},"minecraft:recipes/combat/leather_chestplate":{"criteria":{"has_leather":"2024-10-07 13:50:53 +0000"},"done":true},"minecraft:recipes/decorations/chest":{"criteria":{"has_lots_of_items":"2024-10-07 13:50:53 +0000"},"done":true},"minecraft:recipes/combat/leather_boots":{"criteria":{"has_leather":"2024-10-07 13:50:53 +0000"},"done":true},"minecraft:recipes/misc/leather_horse_armor":{"criteria":{"has_leather":"2024-10-07 13:50:53 +0000"},"done":true},"minecraft:recipes/food/cooked_beef":{"criteria":{"has_beef":"2024-10-07 13:50:53 +0000"},"done":true},"minecraft:recipes/food/cooked_beef_from_campfire_cooking":{"criteria":{"has_beef":"2024-10-07 13:50:53 +0000"},"done":true},"minecraft:recipes/misc/sugar_from_sugar_cane":{"criteria":{"has_sugar_cane":"2024-10-07 13:51:12 +0000"},"done":true},"minecraft:recipes/misc/paper":{"criteria":{"has_reeds":"2024-10-07 13:51:12 +0000"},"done":true},"minecraft:recipes/food/cooked_chicken_from_campfire_cooking":{"criteria":{"has_chicken":"2024-10-07 13:51:31 +0000"},"done":true},"minecraft:recipes/food/cooked_chicken":{"criteria":{"has_chicken":"2024-10-07 13:51:31 +0000"},"done":true},"minecraft:recipes/food/cooked_chicken_from_smoking":{"criteria":{"has_chicken":"2024-10-07 13:51:31 +0000"},"done":true},"minecraft:recipes/combat/arrow":{"criteria":{"has_feather":"2024-10-07 13:51:31 +0000"},"done":true},"minecraft:recipes/food/cooked_mutton_from_smoking":{"criteria":{"has_mutton":"2024-10-07 13:51:34 +0000"},"done":true},"minecraft:recipes/food/cooked_mutton":{"criteria":{"has_mutton":"2024-10-07 13:51:34 +0000"},"done":true},"minecraft:recipes/decorations/white_banner":{"criteria":{"has_white_wool":"2024-10-07 13:51:34 +0000"},"done":true},"minecraft:recipes/decorations/painting":{"criteria":{"has_wool":"2024-10-07 13:51:34 +0000"},"done":true},"minecraft:recipes/food/cooked_mutton_from_campfire_cooking":{"criteria":{"has_mutton":"2024-10-07 13:51:34 +0000"},"done":true},"minecraft:recipes/decorations/white_bed":{"criteria":{"has_white_wool":"2024-10-07 13:51:34 +0000"},"done":true},"minecraft:recipes/decorations/white_carpet":{"criteria":{"has_white_wool":"2024-10-07 13:51:34 +0000"},"done":true},"minecraft:recipes/building_blocks/coal_block":{"criteria":{"has_coal":"2024-10-07 13:51:53 +0000"},"done":true},"minecraft:recipes/decorations/smoker":{"criteria":{"has_furnace":"2024-10-07 13:53:07 +0000"},"done":true},"minecraft:husbandry/balanced_diet":{"criteria":{"cooked_porkchop":"2024-10-07 13:53:35 +0000","rotten_flesh":"2024-10-08 06:29:42 +0000","cooked_beef":"2024-10-07 14:11:14 +0000"},"done":false},"minecraft:husbandry/root":{"criteria":{"consumed_item":"2024-10-07 13:53:35 +0000"},"done":true},"minecraft:recipes/decorations/black_bed":{"criteria":{"has_black_wool":"2024-10-07 13:57:02 +0000"},"done":true},"minecraft:recipes/decorations/black_carpet":{"criteria":{"has_black_wool":"2024-10-07 13:57:02 +0000"},"done":true},"minecraft:recipes/decorations/black_banner":{"criteria":{"has_black_wool":"2024-10-07 13:57:02 +0000"},"done":true},"minecraft:recipes/misc/pumpkin_seeds":{"criteria":{"has_pumpkin":"2024-10-07 14:05:26 +0000"},"done":true},"minecraft:recipes/food/pumpkin_pie":{"criteria":{"has_pumpkin":"2024-10-07 14:05:26 +0000"},"done":true},"minecraft:adventure/sleep_in_bed":{"criteria":{"slept_in_bed":"2024-10-07 14:08:37 +0000"},"done":true},"minecraft:adventure/kill_all_mobs":{"criteria":{"minecraft:spider":"2024-10-07 14:10:52 +0000","minecraft:zombie":"2024-10-08 06:25:13 +0000"},"done":false},"minecraft:adventure/kill_a_mob":{"criteria":{"minecraft:spider":"2024-10-07 14:10:52 +0000"},"done":true},"minecraft:recipes/decorations/glow_item_frame":{"criteria":{"has_glow_ink_sac":"2024-10-08 06:24:52 +0000"},"done":true},"minecraft:recipes/building_blocks/dripstone_block":{"criteria":{"has_pointed_dripstone":"2024-10-08 06:26:26 +0000"},"done":true},"minecraft:recipes/tools/golden_axe":{"criteria":{"has_gold_ingot":"2024-10-08 06:33:37 +0000"},"done":true},"minecraft:recipes/tools/golden_pickaxe":{"criteria":{"has_gold_ingot":"2024-10-08 06:33:37 +0000"},"done":true},"minecraft:recipes/misc/gold_nugget":{"criteria":{"has_gold_ingot":"2024-10-08 06:33:37 +0000"},"done":true},"minecraft:recipes/tools/golden_shovel":{"criteria":{"has_gold_ingot":"2024-10-08 06:33:37 +0000"},"done":true},"minecraft:recipes/combat/bow":{"criteria":{"has_string":"2024-10-08 06:33:37 +0000"},"done":true},"minecraft:recipes/food/golden_apple":{"criteria":{"has_gold_ingot":"2024-10-08 06:33:37 +0000"},"done":true},"minecraft:recipes/combat/golden_boots":{"criteria":{"has_gold_ingot":"2024-10-08 06:33:37 +0000"},"done":true},"minecraft:recipes/combat/golden_helmet":{"criteria":{"has_gold_ingot":"2024-10-08 06:33:37 +0000"},"done":true},"minecraft:recipes/tools/fishing_rod":{"criteria":{"has_string":"2024-10-08 06:33:37 +0000"},"done":true},"minecraft:recipes/combat/golden_sword":{"criteria":{"has_gold_ingot":"2024-10-08 06:33:37 +0000"},"done":true},"minecraft:recipes/building_blocks/gold_block":{"criteria":{"has_gold_ingot":"2024-10-08 06:33:37 +0000"},"done":true},"minecraft:recipes/building_blocks/white_wool_from_string":{"criteria":{"has_string":"2024-10-08 06:33:37 +0000"},"done":true},"minecraft:recipes/combat/golden_chestplate":{"criteria":{"has_gold_ingot":"2024-10-08 06:33:37 +0000"},"done":true},"minecraft:recipes/redstone/tripwire_hook":{"criteria":{"has_string":"2024-10-08 06:33:37 +0000"},"done":true},"minecraft:recipes/combat/crossbow":{"criteria":{"has_string":"2024-10-08 06:33:37 +0000"},"done":true},"minecraft:recipes/decorations/candle":{"criteria":{"has_string":"2024-10-08 06:33:37 +0000"},"done":true},"minecraft:recipes/tools/golden_hoe":{"criteria":{"has_gold_ingot":"2024-10-08 06:33:37 +0000"},"done":true},"minecraft:recipes/misc/firework_rocket_simple":{"criteria":{"has_gunpowder":"2024-10-08 06:33:37 +0000"},"done":true},"minecraft:recipes/redstone/tnt":{"criteria":{"has_gunpowder":"2024-10-08 06:33:37 +0000"},"done":true},"minecraft:recipes/decorations/loom":{"criteria":{"has_string":"2024-10-08 06:33:37 +0000"},"done":true},"minecraft:recipes/redstone/light_weighted_pressure_plate":{"criteria":{"has_gold_ingot":"2024-10-08 06:33:37 +0000"},"done":true},"minecraft:recipes/combat/golden_leggings":{"criteria":{"has_gold_ingot":"2024-10-08 06:33:37 +0000"},"done":true},"DataVersion":3955}